date,sleep_state,011050000,unc_011050000,690550000,unc_690550000,691430104,unc_691430104,692440102,unc_692440102,692660601,unc_692660601,692760102,unc_692760102,692900602,unc_692900602,693830701,unc_693830701,693860503,unc_693860503,693890104,unc_693890104
2019-03-16,asleep,2019-03-16 22:30:00,0.36415071944575184,2019-03-16 22:30:00,0.4693993269277451,2019-03-16 22:45:00,0.20753032093934476,2019-03-16 22:15:00,0.13235638024399185,2019-03-16 22:45:00,0.575741082050143,2019-03-16 22:45:00,0.35294931282951975,2019-03-16 22:45:00,0.3778245600446224,2019-03-16 22:15:00,0.17945464009683953,2019-03-16 21:45:00,0.12009487202465743,2019-03-16 22:15:00,0.15352279490000556
2019-03-16,awake,2019-03-17 07:45:00,0.37880923591794563,2019-03-17 07:15:00,0.7267290867442318,2019-03-17 08:15:00,0.36127322261111255,2019-03-17 07:30:00,0.8535115744574162,2019-03-17 08:15:00,0.18430432276964337,2019-03-17 07:45:00,0.3366362380812035,2019-03-17 08:30:00,0.2689166543191853,2019-03-17 08:00:00,0.22563097792469256,2019-03-17 08:45:00,1.0201178581090555,2019-03-17 08:15:00,0.6713609302256696
2019-03-17,asleep,2019-03-17 22:30:00,0.3469717096758485,2019-03-17 22:30:00,0.48645657754234317,2019-03-17 22:45:00,0.17344924996449912,2019-03-17 22:15:00,0.10598438764982628,2019-03-17 22:45:00,0.5134124591264395,2019-03-17 22:45:00,0.2952061813232306,2019-03-17 22:45:00,0.3485874527124365,2019-03-17 22:15:00,0.22046266499142736,2019-03-17 21:45:00,0.12329830416161902,2019-03-17 22:15:00,0.15357668048070228
2019-03-17,awake,2019-03-18 07:45:00,0.34251837746633146,2019-03-18 07:15:00,0.6484323451629712,2019-03-18 08:15:00,0.3541835929931063,2019-03-18 07:30:00,0.7982845159710767,2019-03-18 08:15:00,0.1668228561335699,2019-03-18 07:45:00,0.3142603591600531,2019-03-18 08:30:00,0.25759229302489695,2019-03-18 08:00:00,0.2032587686025942,2019-03-18 08:45:00,1.0113232393073115,2019-03-18 08:15:00,0.6555022457158848
2019-03-18,asleep,2019-03-18 22:30:00,0.34194023240052995,2019-03-18 22:30:00,0.48447130491972423,2019-03-18 22:45:00,0.17333387719628457,2019-03-18 22:15:00,0.10577199775916982,2019-03-18 22:45:00,0.5080088829331351,2019-03-18 22:45:00,0.2956453203030468,2019-03-18 22:45:00,0.3454569041415885,2019-03-18 22:15:00,0.22491995919954755,2019-03-18 21:45:00,0.12440887975981813,2019-03-18 22:15:00,0.15430851245478922
2019-03-18,awake,2019-03-19 07:45:00,0.3420694153994295,2019-03-19 07:15:00,0.6322615050940459,2019-03-19 08:15:00,0.3544318579179818,2019-03-19 07:30:00,0.7769860129497204,2019-03-19 08:15:00,0.16299558520152174,2019-03-19 07:45:00,0.30933774611230813,2019-03-19 08:30:00,0.253950451714285,2019-03-19 08:00:00,0.20096529938900318,2019-03-19 08:45:00,1.014079784839578,2019-03-19 08:15:00,0.6507006229674326
2019-03-19,asleep,2019-03-19 22:30:00,0.3367685380393337,2019-03-19 22:30:00,0.4822094531217076,2019-03-19 22:45:00,0.16822840133375155,2019-03-19 22:15:00,0.10552321166343256,2019-03-19 22:45:00,0.5033555753852321,2019-03-19 22:45:00,0.29591619497926563,2019-03-19 22:45:00,0.34166989063593595,2019-03-19 22:15:00,0.22951277452495733,2019-03-19 21:45:00,0.12546208772227177,2019-03-19 22:15:00,0.15498837332842547
2019-03-19,awake,2019-03-20 07:45:00,0.3414921824152684,2019-03-20 07:15:00,0.6156608416363719,2019-03-20 07:30:00,0.5673163831759878,2019-03-20 07:30:00,0.7553286971931203,2019-03-20 08:15:00,0.15925036215512212,2019-03-20 07:45:00,0.3042790270085505,2019-03-20 08:30:00,0.2500077242448274,2019-03-20 08:00:00,0.19862618437183613,2019-03-20 08:45:00,1.0155995218088936,2019-03-20 08:15:00,0.6457022163679209
2019-03-20,asleep,2019-03-20 22:30:00,0.3314550309273422,2019-03-20 22:30:00,0.4796686473620192,2019-03-20 22:45:00,0.16663865644889317,2019-03-20 22:30:00,0.10580570979418724,2019-03-20 22:45:00,0.49822594105916573,2019-03-20 22:45:00,0.2959894684742027,2019-03-20 23:00:00,0.3419756169814331,2019-03-20 22:15:00,0.23423981423667792,2019-03-20 21:45:00,0.12637963783811804,2019-03-20 22:00:00,0.16057007724718175
2019-03-20,awake,2019-03-21 07:45:00,0.34078414806022406,2019-03-21 07:15:00,0.5986535490091313,2019-03-21 07:30:00,0.5823070213634339,2019-03-21 07:30:00,0.7316379001176487,2019-03-21 08:15:00,0.15546081518399513,2019-03-21 07:45:00,0.2990026499468144,2019-03-21 08:30:00,0.24648299097941473,2019-03-21 08:00:00,0.19782714069975343,2019-03-21 08:45:00,1.0174208121241668,2019-03-21 08:15:00,0.6416366044859844
2019-03-21,asleep,2019-03-21 22:30:00,0.32594746385090784,2019-03-21 22:30:00,0.47684264103069796,2019-03-21 22:45:00,0.16500101882937435,2019-03-21 22:30:00,0.10705494198273123,2019-03-21 22:45:00,0.4926013554628089,2019-03-21 22:45:00,0.2957240724832233,2019-03-21 23:00:00,0.3428222079132704,2019-03-21 22:15:00,0.2391052530854852,2019-03-21 21:45:00,0.12720375121481528,2019-03-21 22:00:00,0.1610712598525742
2019-03-21,awake,2019-03-22 07:45:00,0.33975271577131216,2019-03-22 07:15:00,0.5809909959718824,2019-03-22 07:30:00,0.5974333538170516,2019-03-22 07:30:00,0.7080202362424638,2019-03-22 08:15:00,0.1516309259879721,2019-03-22 07:45:00,0.29311378487718026,2019-03-22 08:30:00,0.24279672395273605,2019-03-22 08:00:00,0.19715152514853695,2019-03-22 08:45:00,1.01805654137544,2019-03-22 08:15:00,0.6383146837606698
2019-03-22,asleep,2019-03-22 22:30:00,0.32014463615382244,2019-03-22 22:30:00,0.47370854111803395,2019-03-22 22:45:00,0.16331247552751493,2019-03-22 22:30:00,0.10844175922667842,2019-03-22 22:45:00,0.48646576671106034,2019-03-22 22:45:00,0.2950444842912706,2019-03-22 23:00:00,0.3461642914861176,2019-03-22 22:15:00,0.2442454586227059,2019-03-22 21:45:00,0.12788328588223963,2019-03-22 22:00:00,0.1615518516025896
2019-03-22,awake,2019-03-23 07:45:00,0.33800146353842403,2019-03-23 07:15:00,0.5622959109867571,2019-03-23 07:30:00,0.6126941993876664,2019-03-23 07:30:00,0.6836119028773939,2019-03-23 08:15:00,0.14776451045435757,2019-03-23 07:45:00,0.28655902635615954,2019-03-23 08:30:00,0.23892642775100914,2019-03-23 08:00:00,0.19646764365901168,2019-03-23 08:45:00,1.01740736097174,2019-03-23 08:15:00,0.6348519943327455
2019-03-23,asleep,2019-03-23 22:30:00,0.3141446081308816,2019-03-23 22:30:00,0.470318024892118,2019-03-23 22:45:00,0.16156120521716935,2019-03-23 22:30:00,0.10981208657911759,2019-03-23 22:45:00,0.4798075032449945,2019-03-23 22:45:00,0.294140127637101,2019-03-23 23:00:00,0.34953244985443277,2019-03-23 22:15:00,0.24971047408491054,2019-03-23 21:45:00,0.1284577311474802,2019-03-23 22:00:00,0.16202010113298818
2019-03-23,awake,2019-03-24 07:45:00,0.3358416060129265,2019-03-24 07:15:00,0.5434147859322673,2019-03-24 07:30:00,0.6279521138021067,2019-03-24 07:30:00,0.6582835207811015,2019-03-24 08:15:00,0.14386572787064217,2019-03-24 07:45:00,0.27980486358391293,2019-03-24 08:30:00,0.23488004164668974,2019-03-24 08:00:00,0.1960254248269572,2019-03-24 08:45:00,0.9142838039550694,2019-03-24 08:15:00,0.6312281762688562
2019-03-24,asleep,2019-03-24 22:30:00,0.30809553129191847,2019-03-24 22:30:00,0.46667525505345164,2019-03-24 22:15:00,0.10405256378519004,2019-03-24 22:30:00,0.11118063362157271,2019-03-24 22:45:00,0.4731338741159231,2019-03-24 22:45:00,0.2930456638258879,2019-03-24 23:00:00,0.3526406029979092,2019-03-24 22:15:00,0.25537520532085123,2019-03-24 21:45:00,0.12912208249802198,2019-03-24 22:00:00,0.16247666881548534
2019-03-24,awake,2019-03-25 07:45:00,0.33369376607949475,2019-03-25 07:15:00,0.5291926817766466,2019-03-25 07:30:00,0.5529907188711382,2019-03-25 07:30:00,0.6326062712489497,2019-03-25 08:15:00,0.14042372798016506,2019-03-25 07:45:00,0.27289105390904056,2019-03-25 08:30:00,0.23066762460246415,2019-03-25 08:00:00,0.1956185082474261,2019-03-25 08:45:00,0.9146663473379253,2019-03-25 08:15:00,0.6274301495960255
2019-03-25,asleep,2019-03-25 22:30:00,0.30198099214168406,2019-03-25 22:30:00,0.4627477522211254,2019-03-25 22:15:00,0.10786334168015212,2019-03-25 22:30:00,0.11255612052999486,2019-03-25 22:45:00,0.4675410543881813,2019-03-25 22:45:00,0.29186500380239644,2019-03-25 23:00:00,0.3549871936641603,2019-03-25 22:15:00,0.2612518872405991,2019-03-25 21:45:00,0.12964372724979745,2019-03-25 22:00:00,0.162922982155646
2019-03-25,awake,2019-03-26 07:45:00,0.3315398074704261,2019-03-26 07:15:00,0.5185131851578275,2019-03-26 07:30:00,0.5708947798186286,2019-03-26 07:30:00,0.6067700425893421,2019-03-26 08:15:00,0.13843913300372204,2019-03-26 07:45:00,0.26590777310559305,2019-03-26 08:30:00,0.2265296521517893,2019-03-26 08:00:00,0.19514808038264939,2019-03-26 08:45:00,0.9142264970099367,2019-03-26 08:15:00,0.6234480268550976
2019-03-26,asleep,2019-03-26 22:30:00,0.29578602199773907,2019-03-26 22:30:00,0.45865969119616723,2019-03-26 22:15:00,0.11175293384168661,2019-03-26 22:30:00,0.11396055682454254,2019-03-26 22:45:00,0.458000395592977,2019-03-26 22:45:00,0.29051607784750866,2019-03-26 23:00:00,0.35648438782450836,2019-03-26 22:15:00,0.2673571988680109,2019-03-26 21:45:00,0.13011178376048962,2019-03-26 22:00:00,0.16336663333743773
2019-03-26,awake,2019-03-27 07:45:00,0.3293642541054823,2019-03-27 07:15:00,0.5078985691323766,2019-03-27 07:30:00,0.5891390236429896,2019-03-27 07:30:00,0.5812052743528473,2019-03-27 08:15:00,0.16943258255037785,2019-03-27 07:45:00,0.2587869660183324,2019-03-27 08:30:00,0.2225474897096021,2019-03-27 08:00:00,0.1946453246583696,2019-03-27 08:45:00,0.9137964666895606,2019-03-27 08:15:00,0.6192880151000815
2019-03-27,asleep,2019-03-27 22:30:00,0.28993765264545,2019-03-27 22:30:00,0.45428815611554085,2019-03-27 22:15:00,0.11572269882325456,2019-03-27 22:30:00,0.11531720495131012,2019-03-27 22:45:00,0.44691610961867767,2019-03-27 22:45:00,0.28904071182300245,2019-03-27 23:00:00,0.3577235555499723,2019-03-27 22:15:00,0.2737183312424779,2019-03-27 21:45:00,0.1305543098092125,2019-03-27 22:00:00,0.1638269591109354
2019-03-27,awake,2019-03-28 07:45:00,0.3277533417418213,2019-03-28 07:15:00,0.4969407298177142,2019-03-28 07:30:00,0.6077415932119867,2019-03-28 07:30:00,0.5531629666870368,2019-03-28 08:15:00,0.167655762890411,2019-03-28 07:45:00,0.25156512259560204,2019-03-28 08:30:00,0.21846221087361922,2019-03-28 08:00:00,0.19419995292287562,2019-03-28 08:45:00,0.9122261685649131,2019-03-28 08:15:00,0.6149877545988205
2019-03-28,asleep,2019-03-28 22:30:00,0.2839709288895519,2019-03-28 22:30:00,0.44962486095369436,2019-03-28 22:15:00,0.11977069672239847,2019-03-28 22:30:00,0.11690028582823643,2019-03-28 22:45:00,0.43734069313006074,2019-03-28 22:45:00,0.2873831896364758,2019-03-28 23:00:00,0.3587054251936282,2019-03-28 22:15:00,0.28033098640381,2019-03-28 21:45:00,0.13097119306988625,2019-03-28 22:00:00,0.16429216410581748
2019-03-28,awake,2019-03-29 07:45:00,0.3260624696409562,2019-03-29 07:15:00,0.48554692005826394,2019-03-29 07:30:00,0.6159041938388148,2019-03-29 07:30:00,0.524796958177467,2019-03-29 08:15:00,0.16811634492084854,2019-03-29 07:45:00,0.2442047584195749,2019-03-29 08:30:00,0.21427828302289256,2019-03-29 08:00:00,0.19382185145494837,2019-03-29 08:45:00,0.9113499473716393,2019-03-29 08:15:00,0.6104811536059382
2019-03-29,asleep,2019-03-29 22:30:00,0.27861160075637037,2019-03-29 22:30:00,0.4451566558654956,2019-03-29 22:15:00,0.12389699658852363,2019-03-29 22:30:00,0.11850999683801436,2019-03-29 22:45:00,0.4272457419894654,2019-03-29 22:45:00,0.28552157372856884,2019-03-29 23:00:00,0.35942743985327363,2019-03-29 22:15:00,0.28727127585226564,2019-03-29 22:15:00,0.14841312778651658,2019-03-29 22:00:00,0.1647597484109859
2019-03-29,awake,2019-03-30 07:45:00,0.2787507905998055,2019-03-30 07:15:00,0.474815729371185,2019-03-30 07:30:00,0.6209391796402675,2019-03-30 07:30:00,0.49617405563156913,2019-03-30 08:15:00,0.16848326380104706,2019-03-30 07:45:00,0.23669930988890137,2019-03-30 08:30:00,0.2100033450425709,2019-03-30 08:00:00,0.1934507362437331,2019-03-30 08:45:00,0.9093426278354643,2019-03-30 08:15:00,0.6057393575396428
2019-03-30,asleep,2019-03-30 22:30:00,0.273310001810101,2019-03-30 22:30:00,0.44068351114555837,2019-03-30 22:15:00,0.1281022813822151,2019-03-30 22:30:00,0.12009769413420715,2019-03-30 22:45:00,0.4166848668762411,2019-03-30 22:45:00,0.283460710491655,2019-03-30 23:00:00,0.27146439464660893,2019-03-30 22:15:00,0.2945797721475089,2019-03-30 22:15:00,0.15448096783048507,2019-03-30 22:00:00,0.16523136495767
2019-03-30,awake,2019-03-31 07:45:00,0.27742896409638756,2019-03-31 07:15:00,0.4626772953471143,2019-03-31 07:30:00,0.6261034074383837,2019-03-31 07:30:00,0.5424699754483641,2019-03-31 08:15:00,0.16876477488128105,2019-03-31 07:45:00,0.2290626152341166,2019-03-31 08:30:00,0.20610392702580388,2019-03-31 08:00:00,0.1928100573088027,2019-03-31 08:45:00,0.911463486438435,2019-03-31 08:15:00,0.6007471140445053
2019-03-31,asleep,2019-03-31 22:30:00,0.2678748511262658,2019-03-31 22:30:00,0.4360456624475912,2019-03-31 22:15:00,0.13238605170468115,2019-03-31 22:30:00,0.12186799497903955,2019-03-31 22:45:00,0.40625237810606624,2019-03-31 22:30:00,0.18222002426399994,2019-03-31 23:00:00,0.2746833441089717,2019-03-31 22:15:00,0.3017272986788887,2019-03-31 22:15:00,0.16035751864384817,2019-03-31 22:00:00,0.16570951090798483
2019-03-31,awake,2019-04-01 07:45:00,0.2759638820122128,2019-04-01 07:15:00,0.45006146505059164,2019-04-01 07:30:00,0.6314150860851069,2019-04-01 07:30:00,0.5051236686336759,2019-04-01 08:15:00,0.168988911762525,2019-04-01 07:45:00,0.22361696613484072,2019-04-01 08:30:00,0.20415220014338742,2019-04-01 08:00:00,0.1911523184072788,2019-04-01 08:45:00,0.9069819106636039,2019-04-01 08:15:00,0.5954899155075496
2019-04-01,asleep,2019-04-01 22:30:00,0.262307456476902,2019-04-01 22:30:00,0.4312352821218608,2019-04-01 22:15:00,0.1367466887745979,2019-04-01 22:30:00,0.12360944191879444,2019-04-01 22:45:00,0.40677315881883513,2019-04-01 22:30:00,0.18211199581789123,2019-04-01 23:00:00,0.27784339114944245,2019-04-01 22:15:00,0.3088405794793067,2019-04-01 22:15:00,0.16621597872916444,2019-04-01 22:00:00,0.16619720765591356
2019-04-01,awake,2019-04-02 07:45:00,0.27435266027525756,2019-04-02 07:15:00,0.43739894671249124,2019-04-02 07:30:00,0.6368838315324936,2019-04-02 07:30:00,0.48210864336898596,2019-04-02 08:15:00,0.16911449945057405,2019-04-02 07:45:00,0.21863056904503403,2019-04-02 08:30:00,0.2021275201190293,2019-04-02 08:00:00,0.18876592879328508,2019-04-02 08:45:00,0.8998329791941247,2019-04-02 08:15:00,0.5899535621394352
2019-04-02,asleep,2019-04-02 22:30:00,0.2566271166773704,2019-04-02 22:30:00,0.42665773420902753,2019-04-02 22:15:00,0.14117525720896978,2019-04-02 22:30:00,0.1253133274739774,2019-04-02 22:45:00,0.4065800638298146,2019-04-02 22:30:00,0.18199073100112095,2019-04-02 23:00:00,0.28093643312862027,2019-04-02 22:15:00,0.3159969822521695,2019-04-02 22:15:00,0.16568930060590178,2019-04-02 22:00:00,0.16669747195187412
2019-04-02,awake,2019-04-03 07:45:00,0.2726093872023937,2019-04-03 07:15:00,0.42616102794195587,2019-04-03 07:30:00,0.64239671507086,2019-04-03 07:30:00,0.46000278383105775,2019-04-03 08:15:00,0.16857066920770436,2019-04-03 07:45:00,0.2134582131977641,2019-04-03 08:30:00,0.2000309573360144,2019-04-03 08:00:00,0.18624353056092335,2019-04-03 08:45:00,0.8919216838762349,2019-04-03 08:15:00,0.5841238714183437
2019-04-03,asleep,2019-04-03 22:30:00,0.2508465961867424,2019-04-03 22:30:00,0.42237212448031175,2019-04-03 22:15:00,0.14568019567152,2019-04-03 22:30:00,0.12698096828991154,2019-04-03 22:45:00,0.4056530536358788,2019-04-03 22:30:00,0.18186979890994176,2019-04-03 23:00:00,0.28395487860291735,2019-04-03 22:15:00,0.3173363377156883,2019-04-03 22:15:00,0.16447293110960676,2019-04-03 22:00:00,0.16721320209437468
2019-04-03,awake,2019-04-04 07:45:00,0.2707375503861039,2019-04-04 07:15:00,0.41689081443698234,2019-04-04 07:30:00,0.6481311223855619,2019-04-04 07:30:00,0.43726826563372384,2019-04-04 08:15:00,0.16725332919633457,2019-04-04 07:45:00,0.2081394965225395,2019-04-04 08:30:00,0.197863836889084,2019-04-04 08:00:00,0.18370001021275628,2019-04-04 08:45:00,0.8830408134143043,2019-04-04 08:15:00,0.577986864095297
2019-04-04,asleep,2019-04-04 22:30:00,0.2450547773038808,2019-04-04 22:30:00,0.41797938408878865,2019-04-04 22:15:00,0.1501362120235909,2019-04-04 22:30:00,0.12940718619919223,2019-04-04 22:45:00,0.40433510082197555,2019-04-04 22:30:00,0.18162833658183689,2019-04-04 23:00:00,0.2868916050630435,2019-04-04 22:15:00,0.3133058853708998,2019-04-04 22:15:00,0.1630176243171792,2019-04-04 22:00:00,0.1677438959244763
2019-04-04,awake,2019-04-05 07:45:00,0.26881924798518086,2019-04-05 07:15:00,0.4072950345008322,2019-04-05 07:30:00,0.6529361315118261,2019-04-05 07:30:00,0.4139601018243683,2019-04-05 08:15:00,0.16585087024307005,2019-04-05 07:45:00,0.20256775151129858,2019-04-05 08:30:00,0.19562754765921037,2019-04-05 08:00:00,0.18155719517789332,2019-04-05 08:45:00,0.8742620458378214,2019-04-05 08:15:00,0.5713256841555163
2019-04-05,asleep,2019-04-05 22:30:00,0.23915429013762063,2019-04-05 22:30:00,0.41664454814624974,2019-04-05 22:15:00,0.14994442150867893,2019-04-05 22:30:00,0.13303161196579416,2019-04-05 22:45:00,0.4063493593171966,2019-04-05 22:30:00,0.1811601453274418,2019-04-05 23:00:00,0.28976502591962017,2019-04-05 22:15:00,0.3092334213771933,2019-04-05 22:15:00,0.16135541042748958,2019-04-05 22:00:00,0.1682613188758682
2019-04-05,awake,2019-04-06 07:45:00,0.2667358592394007,2019-04-06 07:45:00,0.3572751341189363,2019-04-06 07:30:00,0.6557639242401041,2019-04-06 07:30:00,0.3900797028139665,2019-04-06 08:15:00,0.16538983751161912,2019-04-06 07:45:00,0.19671371034987853,2019-04-06 08:30:00,0.19335215245155124,2019-04-06 08:00:00,0.17976002429923454,2019-04-06 08:45:00,0.8652414966638433,2019-04-06 08:15:00,0.5625290237051139
2019-04-06,asleep,2019-04-06 22:30:00,0.23315223454601533,2019-04-06 22:30:00,0.4165104395620717,2019-04-06 22:15:00,0.14930667071119766,2019-04-06 22:30:00,0.13670213275687565,2019-04-06 22:45:00,0.40646204779001127,2019-04-06 22:30:00,0.18070094189768687,2019-04-06 23:00:00,0.29435588551022496,2019-04-06 22:15:00,0.30520131317196625,2019-04-06 22:15:00,0.16060788282060348,2019-04-06 22:00:00,0.16513855670365168
2019-04-06,awake,2019-04-07 07:45:00,0.26448186146294395,2019-04-07 07:45:00,0.354244540460128,2019-04-07 07:30:00,0.6574833502528387,2019-04-07 07:30:00,0.3665874662648812,2019-04-07 08:15:00,0.16317869909612304,2019-04-07 07:45:00,0.1910070532159536,2019-04-07 08:30:00,0.19119006224943447,2019-04-07 08:00:00,0.17853041134062103,2019-04-07 08:45:00,0.8555869565259836,2019-04-07 08:15:00,0.5530601253910099
2019-04-07,asleep,2019-04-07 22:30:00,0.22705869921968186,2019-04-07 22:30:00,0.41619742446507113,2019-04-07 22:15:00,0.14876136946902171,2019-04-07 22:30:00,0.14043428536452116,2019-04-07 22:45:00,0.40618721172229144,2019-04-07 22:30:00,0.18041909491105795,2019-04-07 23:00:00,0.29949218596845373,2019-04-07 22:15:00,0.29977143163269754,2019-04-07 22:15:00,0.16345671731931616,2019-04-07 22:00:00,0.16039996879372242
2019-04-07,awake,2019-04-08 07:45:00,0.2620530136865032,2019-04-08 07:45:00,0.3539675620663507,2019-04-08 07:30:00,0.6590716119583959,2019-04-08 07:30:00,0.3440429325708438,2019-04-08 08:15:00,0.16050733935021513,2019-04-08 07:45:00,0.18533595265827663,2019-04-08 08:30:00,0.18932335626203084,2019-04-08 08:00:00,0.17706917439029307,2019-04-08 09:00:00,0.8423386181871346,2019-04-08 08:15:00,0.5426163004691518
2019-04-08,asleep,2019-04-08 22:30:00,0.22088491236672014,2019-04-08 22:30:00,0.4157029677156882,2019-04-08 22:15:00,0.14822459596517706,2019-04-08 22:30:00,0.14420827606165187,2019-04-08 22:45:00,0.40845210142295185,2019-04-08 22:30:00,0.18007429270214328,2019-04-08 23:00:00,0.3045728345139266,2019-04-08 22:15:00,0.295310580544859,2019-04-08 22:15:00,0.16653163253119446,2019-04-08 22:00:00,0.15901655860675373
2019-04-08,awake,2019-04-09 07:45:00,0.2594426994905517,2019-04-09 07:45:00,0.353445065319285,2019-04-09 07:30:00,0.6606540928217213,2019-04-09 07:30:00,0.3217508251037241,2019-04-09 08:15:00,0.13082109074680004,2019-04-09 07:45:00,0.18098864073719098,2019-04-09 08:30:00,0.18740110753468955,2019-04-09 08:00:00,0.1759450865898111,2019-04-09 09:00:00,0.8356939732396627,2019-04-09 08:15:00,0.5317767860227758
2019-04-09,asleep,2019-04-09 22:30:00,0.21464765250388715,2019-04-09 22:30:00,0.4151115565644752,2019-04-09 22:15:00,0.14805852773587824,2019-04-09 22:30:00,0.1480890566592589,2019-04-09 22:45:00,0.40850163657297733,2019-04-09 22:30:00,0.16358482402367702,2019-04-09 23:00:00,0.3095928830992994,2019-04-09 22:15:00,0.291719458460841,2019-04-09 22:15:00,0.16957126852349358,2019-04-09 22:15:00,0.15813371946655008
2019-04-09,awake,2019-04-10 07:45:00,0.2566505104219501,2019-04-10 07:45:00,0.35260045499214593,2019-04-10 07:30:00,0.6622584456190433,2019-04-10 07:30:00,0.3009959859962565,2019-04-10 08:15:00,0.12948582189424762,2019-04-10 07:45:00,0.2634233033763018,2019-04-10 08:30:00,0.18542186535134714,2019-04-10 08:00:00,0.1745336405022071,2019-04-10 09:00:00,0.8286499372267805,2019-04-10 08:15:00,0.5206154336605684
2019-04-10,asleep,2019-04-10 22:30:00,0.18457638266336368,2019-04-10 22:30:00,0.41467940334045655,2019-04-10 22:15:00,0.14906863391129693,2019-04-10 22:30:00,0.15193861922115734,2019-04-10 22:45:00,0.40641709258457587,2019-04-10 22:15:00,0.16300640000677702,2019-04-10 23:00:00,0.3145482471549478,2019-04-10 22:15:00,0.2881604610095918,2019-04-10 22:30:00,0.17345815588225724,2019-04-10 22:15:00,0.16268638933072332
2019-04-10,awake,2019-04-11 07:45:00,0.25389684246870087,2019-04-11 07:45:00,0.3518982370044079,2019-04-11 07:30:00,0.6639241927530994,2019-04-11 07:30:00,0.27955960967704324,2019-04-11 08:15:00,0.127559773724858,2019-04-11 07:45:00,0.25961548335917567,2019-04-11 08:30:00,0.18338412047225938,2019-04-11 08:00:00,0.17314564404151017,2019-04-11 09:00:00,0.8216890172075941,2019-04-11 08:15:00,0.45153948147351874
2019-04-11,asleep,2019-04-11 22:30:00,0.17569136088263904,2019-04-11 22:30:00,0.4141523845663063,2019-04-11 22:15:00,0.1501488503726748,2019-04-11 22:30:00,0.15579229569949468,2019-04-11 22:45:00,0.40829197041669263,2019-04-11 22:15:00,0.1637302146068317,2019-04-11 23:00:00,0.3194297973221119,2019-04-11 22:15:00,0.2850622752021036,2019-04-11 22:30:00,0.17816776460005712,2019-04-11 22:15:00,0.16288691943364186
2019-04-11,awake,2019-04-12 07:45:00,0.2510461586820339,2019-04-12 07:45:00,0.35119919084198775,2019-04-12 07:30:00,0.6656481001398391,2019-04-12 07:30:00,0.2576516229786225,2019-04-12 08:15:00,0.14831979506144524,2019-04-12 07:45:00,0.2558388339394671,2019-04-12 08:30:00,0.18130016046762945,2019-04-12 08:00:00,0.17120733587303014,2019-04-12 09:00:00,0.814413636853411,2019-04-12 08:15:00,0.4410651636533204
2019-04-12,asleep,2019-04-12 22:30:00,0.1673366598185945,2019-04-12 22:30:00,0.41350373691883424,2019-04-12 22:15:00,0.1513303043996781,2019-04-12 22:30:00,0.15657945798578005,2019-04-12 22:45:00,0.4105307940474704,2019-04-12 22:15:00,0.16422789009447797,2019-04-12 23:00:00,0.2151941873213442,2019-04-12 22:15:00,0.28010841773307654,2019-04-12 22:30:00,0.18296090879530663,2019-04-12 22:15:00,0.16304153483406988
2019-04-12,awake,2019-04-13 07:45:00,0.24790172413986614,2019-04-13 07:45:00,0.349841853958331,2019-04-13 07:30:00,0.6672557679165967,2019-04-13 07:30:00,0.23528351935687497,2019-04-13 08:15:00,0.14547430249491278,2019-04-13 07:45:00,0.25174642482205245,2019-04-13 08:15:00,0.19129196284809474,2019-04-13 08:00:00,0.16761199698525597,2019-04-13 09:00:00,0.8063100539316127,2019-04-13 08:15:00,0.4390819149649568
2019-04-13,asleep,2019-04-13 22:30:00,0.15943728100312987,2019-04-13 22:30:00,0.4126986730448201,2019-04-13 22:15:00,0.15261268738434203,2019-04-13 22:30:00,0.1552746954911854,2019-04-13 22:45:00,0.4124716298782807,2019-04-13 22:15:00,0.1644802303788671,2019-04-13 23:00:00,0.22076834503070936,2019-04-13 22:15:00,0.2757877401113362,2019-04-13 22:30:00,0.18782743103852068,2019-04-13 22:15:00,0.16098544072251159
2019-04-13,awake,2019-04-14 07:45:00,0.24445824595394677,2019-04-14 07:45:00,0.34822624332359475,2019-04-14 07:30:00,0.6687251360268969,2019-04-14 07:30:00,0.2124639338324709,2019-04-14 08:15:00,0.14249888140688993,2019-04-14 07:45:00,0.24731045971721688,2019-04-14 08:15:00,0.19488684345602048,2019-04-14 08:00:00,0.16393170309519317,2019-04-14 09:00:00,0.7973823439893359,2019-04-14 08:15:00,0.4396985929701558
2019-04-14,asleep,2019-04-14 22:30:00,0.15217051746373406,2019-04-14 22:45:00,0.41281769044976446,2019-04-14 22:15:00,0.15397695388690336,2019-04-14 22:30:00,0.13057435107801446,2019-04-14 22:45:00,0.4131421745250774,2019-04-14 22:15:00,0.16450125319283926,2019-04-14 23:00:00,0.22658208106064243,2019-04-14 22:15:00,0.27110329849951553,2019-04-14 22:30:00,0.1927558157291067,2019-04-14 22:15:00,0.15526494824235748
2019-04-14,awake,2019-04-15 07:45:00,0.24029992660949495,2019-04-15 07:45:00,0.3465854877493725,2019-04-15 07:30:00,0.6702041398658425,2019-04-15 07:45:00,0.21039806739810285,2019-04-15 08:15:00,0.1389805620862976,2019-04-15 07:45:00,0.24293865334499026,2019-04-15 08:15:00,0.19753824686480229,2019-04-15 08:00:00,0.15997821081981817,2019-04-15 09:00:00,0.7883218678786537,2019-04-15 08:15:00,0.44036333947384054
2019-04-15,asleep,2019-04-15 22:30:00,0.14556709472112886,2019-04-15 22:45:00,0.41363352584290336,2019-04-15 22:15:00,0.15542776321010907,2019-04-15 22:30:00,0.13834253755431014,2019-04-15 22:45:00,0.4130445495417108,2019-04-15 22:15:00,0.16546809872679138,2019-04-15 23:00:00,0.2330824125017431,2019-04-15 22:45:00,0.27072112598242576,2019-04-15 22:30:00,0.19773560986904673,2019-04-15 22:15:00,0.14932468313166425
2019-04-15,awake,2019-04-16 07:45:00,0.23740087561665774,2019-04-16 07:45:00,0.34484107422801547,2019-04-16 07:30:00,0.6716618086096776,2019-04-16 07:45:00,0.22243931006998907,2019-04-16 08:15:00,0.1359038322014424,2019-04-16 07:45:00,0.23890162564362935,2019-04-16 08:15:00,0.1981070960281765,2019-04-16 08:15:00,0.15623987492702004,2019-04-16 09:00:00,0.7836141417832352,2019-04-16 08:15:00,0.4410795034991052
2019-04-16,asleep,2019-04-16 22:30:00,0.14376770662868876,2019-04-16 22:45:00,0.4142535880698056,2019-04-16 22:15:00,0.1615483728936381,2019-04-16 22:30:00,0.14683426402055005,2019-04-16 22:45:00,0.41246991868727806,2019-04-16 22:15:00,0.17079381025117085,2019-04-16 23:00:00,0.23976611680605503,2019-04-16 22:45:00,0.27092455401935456,2019-04-16 22:30:00,0.20290897263436164,2019-04-16 22:15:00,0.143229792692892
2019-04-16,awake,2019-04-17 07:45:00,0.237811257238748,2019-04-17 07:45:00,0.34262342110657845,2019-04-17 07:30:00,0.6730631605419403,2019-04-17 07:45:00,0.22011404472457527,2019-04-17 08:15:00,0.13269522533406913,2019-04-17 07:45:00,0.2348606929335586,2019-04-17 08:15:00,0.19814336687012643,2019-04-17 08:15:00,0.1531398670866408,2019-04-17 09:00:00,0.778101485128355,2019-04-17 08:15:00,0.4418369206927812
2019-04-17,asleep,2019-04-17 22:30:00,0.14619341150726017,2019-04-17 22:45:00,0.4144336746064945,2019-04-17 22:15:00,0.1679968290098796,2019-04-17 22:30:00,0.1559615896309047,2019-04-17 22:45:00,0.411680287084847,2019-04-17 22:15:00,0.17772751767766498,2019-04-17 23:00:00,0.24636339947299507,2019-04-17 22:45:00,0.27091289001789304,2019-04-17 22:30:00,0.21107017311311813,2019-04-17 22:15:00,0.13732650527302467
2019-04-17,awake,2019-04-18 07:45:00,0.23856107636554563,2019-04-18 07:45:00,0.33997875730214216,2019-04-18 07:30:00,0.6743633998934038,2019-04-18 07:45:00,0.230779193915737,2019-04-18 08:30:00,0.12797504432072418,2019-04-18 07:45:00,0.23102937421004055,2019-04-18 08:15:00,0.1998246873657561,2019-04-18 08:15:00,0.14938942230567426,2019-04-18 09:00:00,0.7719353842304764,2019-04-18 08:15:00,0.44247558634474765
2019-04-18,asleep,2019-04-18 22:30:00,0.1496063879632229,2019-04-18 22:45:00,0.4141589663839961,2019-04-18 22:15:00,0.17227058664870676,2019-04-18 22:30:00,0.16563949027717734,2019-04-18 22:45:00,0.41326213676523643,2019-04-18 22:15:00,0.18512216791862063,2019-04-18 23:00:00,0.25303427564982583,2019-04-18 22:45:00,0.27086442081935697,2019-04-18 22:30:00,0.2158716795464799,2019-04-18 23:00:00,0.13409139879404575
2019-04-18,awake,2019-04-19 07:45:00,0.23943853696842363,2019-04-19 07:45:00,0.33698760342388023,2019-04-19 07:30:00,0.675504984235224,2019-04-19 07:45:00,0.24045403422557965,2019-04-19 08:30:00,0.12586876200778413,2019-04-19 07:45:00,0.22701951943423326,2019-04-19 08:15:00,0.20150715349250697,2019-04-19 08:15:00,0.14541911222502227,2019-04-19 09:00:00,0.7657048243686653,2019-04-19 08:15:00,0.4439813491342499
2019-04-19,asleep,2019-04-19 22:30:00,0.15407087952467607,2019-04-19 22:45:00,0.4136865752811205,2019-04-19 22:15:00,0.17264378207184544,2019-04-19 22:30:00,0.17596213798272153,2019-04-19 22:45:00,0.41619412394775734,2019-04-19 22:15:00,0.20709918979259073,2019-04-19 23:00:00,0.2619086852416632,2019-04-19 22:45:00,0.33289107288471215,2019-04-19 22:30:00,0.21572410892974792,2019-04-19 23:00:00,0.13282720824854286
2019-04-19,awake,2019-04-20 07:45:00,0.24023422611599246,2019-04-20 07:45:00,0.33351767869629795,2019-04-20 07:30:00,0.6764899146464768,2019-04-20 07:45:00,0.2482900750526824,2019-04-20 08:30:00,0.12402027427410514,2019-04-20 08:00:00,0.2308373619365356,2019-04-20 08:15:00,0.2030266888433063,2019-04-20 08:15:00,0.14317549663644183,2019-04-20 09:00:00,0.7580584368807255,2019-04-20 08:15:00,0.4475495587806039
2019-04-20,asleep,2019-04-20 22:30:00,0.15969494272675272,2019-04-20 22:45:00,0.4131248921211887,2019-04-20 22:15:00,0.1693480201518881,2019-04-20 22:30:00,0.18665868924744863,2019-04-20 22:45:00,0.41987481759544615,2019-04-20 22:15:00,0.2102561958381196,2019-04-20 23:00:00,0.27356900082374375,2019-04-20 22:45:00,0.3379491947913662,2019-04-20 22:30:00,0.21399884538174715,2019-04-20 23:00:00,0.1314962624857607
2019-04-20,awake,2019-04-21 07:45:00,0.24093914571721248,2019-04-21 07:45:00,0.3294642645584691,2019-04-21 07:30:00,0.67712209315983,2019-04-21 07:45:00,0.2880118883254505,2019-04-21 08:30:00,0.12461877318432685,2019-04-21 08:00:00,0.2353546167569282,2019-04-21 08:15:00,0.204318870915889,2019-04-21 08:15:00,0.14272128111531004,2019-04-21 09:00:00,0.7507049034173157,2019-04-21 08:15:00,0.4526899932199112
2019-04-21,asleep,2019-04-21 22:30:00,0.16691902625804714,2019-04-21 22:45:00,0.412498939569384,2019-04-21 22:15:00,0.16574814236523294,2019-04-21 22:30:00,0.19763864000974485,2019-04-21 22:45:00,0.4231501573986237,2019-04-21 22:15:00,0.21260411061383588,2019-04-21 23:00:00,0.285490985525973,2019-04-21 22:45:00,0.3403794532082642,2019-04-21 22:30:00,0.21104884444903815,2019-04-21 22:45:00,0.1267998881429469
2019-04-21,awake,2019-04-22 07:45:00,0.24195630226379344,2019-04-22 07:45:00,0.3248069483783912,2019-04-22 07:30:00,0.6769913990154559,2019-04-22 07:45:00,0.3384595179036253,2019-04-22 08:30:00,0.12463504720710417,2019-04-22 08:00:00,0.23931942602623596,2019-04-22 08:15:00,0.20524063983835644,2019-04-22 08:15:00,0.14171750310199127,2019-04-22 09:00:00,0.7434492624773995,2019-04-22 08:15:00,0.4581403580971773
2019-04-22,asleep,2019-04-22 22:30:00,0.17588163930630238,2019-04-22 22:45:00,0.4118861224480857,2019-04-22 22:15:00,0.1617452002057325,2019-04-22 22:30:00,0.20870355568961024,2019-04-22 22:45:00,0.424933424559745,2019-04-22 22:15:00,0.22185175879104896,2019-04-22 23:00:00,0.2982738876681671,2019-04-22 22:45:00,0.34180299517235113,2019-04-22 22:30:00,0.20923273771079098,2019-04-22 22:45:00,0.12745578337994967
2019-04-22,awake,2019-04-23 07:45:00,0.24313350439959472,2019-04-23 07:45:00,0.3197124925854084,2019-04-23 07:30:00,0.6755780744937306,2019-04-23 07:45:00,0.3870865056124011,2019-04-23 08:30:00,0.12414824790881655,2019-04-23 08:00:00,0.24309784714449909,2019-04-23 08:15:00,0.2052418728507902,2019-04-23 08:15:00,0.1409344983629047,2019-04-23 09:00:00,0.7318398383810457,2019-04-23 08:15:00,0.4648880802839209
2019-04-23,asleep,2019-04-23 22:30:00,0.1861918121504194,2019-04-23 22:45:00,0.4134151661764398,2019-04-23 22:15:00,0.1573113132325506,2019-04-23 22:30:00,0.2201222140555859,2019-04-23 22:45:00,0.4272881745799982,2019-04-23 22:15:00,0.2348802231292677,2019-04-23 23:00:00,0.30578881511894396,2019-04-23 22:45:00,0.34252528834188306,2019-04-23 22:30:00,0.2091774430191305,2019-04-23 22:45:00,0.12787153847572422
2019-04-23,awake,2019-04-24 07:45:00,0.24340545685501117,2019-04-24 07:45:00,0.31775382726202084,2019-04-24 07:30:00,0.6783011196780734,2019-04-24 07:45:00,0.4296681050092772,2019-04-24 08:30:00,0.1265058610561179,2019-04-24 08:00:00,0.24554077688757828,2019-04-24 08:15:00,0.2051937781928121,2019-04-24 08:15:00,0.14263205663766068,2019-04-24 09:00:00,0.7352258368142307,2019-04-24 08:15:00,0.4733746807265232
2019-04-24,asleep,2019-04-24 22:30:00,0.19068113464951308,2019-04-24 22:45:00,0.41470592371042414,2019-04-24 22:15:00,0.15612496551189434,2019-04-24 22:30:00,0.22989860209439325,2019-04-24 22:45:00,0.4299932536419969,2019-04-24 22:15:00,0.24882315189894078,2019-04-24 23:00:00,0.31202764517372766,2019-04-24 22:45:00,0.34180073466457295,2019-04-24 22:30:00,0.2041693499933097,2019-04-24 22:45:00,0.12793941740072412
2019-04-24,awake,2019-04-25 07:45:00,0.24240499085734118,2019-04-25 07:45:00,0.31488818257410656,2019-04-25 07:30:00,0.6814766343011068,2019-04-25 07:45:00,0.4572088744733286,2019-04-25 08:00:00,0.18126071094282992,2019-04-25 08:00:00,0.24894436453727598,2019-04-25 08:15:00,0.20731986330598734,2019-04-25 08:15:00,0.14335741272940117,2019-04-25 09:00:00,0.7406389623146933,2019-04-25 08:15:00,0.48085167531962697
2019-04-25,asleep,2019-04-25 22:30:00,0.19676180855510078,2019-04-25 22:45:00,0.4099521851223723,2019-04-25 22:15:00,0.15462222094067085,2019-04-25 22:30:00,0.23958104333200547,2019-04-25 22:45:00,0.4304855269454607,2019-04-25 22:15:00,0.2635038530531254,2019-04-25 23:00:00,0.31874361147417746,2019-04-25 22:45:00,0.3406743402945295,2019-04-25 22:30:00,0.19787745638746554,2019-04-25 22:45:00,0.12812691479078264
2019-04-25,awake,2019-04-26 07:45:00,0.24193617651472885,2019-04-26 07:45:00,0.3117171824015873,2019-04-26 07:30:00,0.6842730045737796,2019-04-26 07:45:00,0.4686664516918003,2019-04-26 08:00:00,0.1864921460254453,2019-04-26 08:00:00,0.25354028452903365,2019-04-26 08:15:00,0.2086417304192797,2019-04-26 08:15:00,0.14401259746660938,2019-04-26 09:00:00,0.7439689592180811,2019-04-26 08:15:00,0.48819347176518757
2019-04-26,asleep,2019-04-26 22:30:00,0.20294299707814534,2019-04-26 22:45:00,0.4050837142897504,2019-04-26 22:15:00,0.15324482981354426,2019-04-26 22:30:00,0.24905589889876678,2019-04-26 22:45:00,0.43048084183032354,2019-04-26 22:15:00,0.2790261156911368,2019-04-26 23:00:00,0.32546103655307557,2019-04-26 22:45:00,0.3391909881753596,2019-04-26 22:15:00,0.19431359586977132,2019-04-26 22:45:00,0.12833680312434118
2019-04-26,awake,2019-04-27 07:45:00,0.24220147184312735,2019-04-27 07:45:00,0.3082044388591632,2019-04-27 07:30:00,0.6935210831090236,2019-04-27 07:45:00,0.4764896608454757,2019-04-27 08:00:00,0.19166296338822583,2019-04-27 08:00:00,0.2582070601758291,2019-04-27 08:15:00,0.20934114298006704,2019-04-27 08:15:00,0.14457901808742615,2019-04-27 09:00:00,0.7461075747255261,2019-04-27 08:15:00,0.4926948816046667
2019-04-27,asleep,2019-04-27 22:30:00,0.21116235404823636,2019-04-27 22:45:00,0.4000613038577789,2019-04-27 22:15:00,0.1532781133619177,2019-04-27 22:30:00,0.2546120576581663,2019-04-27 22:45:00,0.4298466700872978,2019-04-27 22:15:00,0.2955100436147196,2019-04-27 23:00:00,0.332132032900973,2019-04-27 22:45:00,0.33737576838890565,2019-04-27 22:15:00,0.1942146525710069,2019-04-27 22:45:00,0.12999496502762356
2019-04-27,awake,2019-04-28 07:45:00,0.2437380088393412,2019-04-28 07:45:00,0.30393614947188813,2019-04-28 07:30:00,0.7120131563160729,2019-04-28 07:45:00,0.48019590416899743,2019-04-28 08:00:00,0.19674418343300998,2019-04-28 08:00:00,0.26207505192274894,2019-04-28 08:15:00,0.20934083638802709,2019-04-28 08:15:00,0.14504955049900534,2019-04-28 09:00:00,0.7464140894030208,2019-04-28 08:30:00,0.5034459941184133
2019-04-28,asleep,2019-04-28 22:30:00,0.22413487545758543,2019-04-28 22:45:00,0.39538471907059136,2019-04-28 22:15:00,0.1540944727019913,2019-04-28 22:30:00,0.25765294680535944,2019-04-28 22:45:00,0.4285507557052052,2019-04-28 22:15:00,0.31225746995873915,2019-04-28 23:00:00,0.3386928053106595,2019-04-28 22:45:00,0.33534660884024314,2019-04-28 22:15:00,0.19250393864918552,2019-04-28 22:45:00,0.1318375014692133
2019-04-28,awake,2019-04-29 07:45:00,0.2443838236148284,2019-04-29 07:45:00,0.2991871190830378,2019-04-29 07:30:00,0.7325000047485442,2019-04-29 07:45:00,0.47956913234745546,2019-04-29 08:00:00,0.20172376130345407,2019-04-29 08:00:00,0.2647773379394576,2019-04-29 08:15:00,0.20857816826348807,2019-04-29 08:15:00,0.1459202286610484,2019-04-29 09:00:00,0.7468549497336057,2019-04-29 08:30:00,0.5155244100171732
2019-04-29,asleep,2019-04-29 22:30:00,0.23692113251987018,2019-04-29 22:30:00,0.29911270407259244,2019-04-29 22:15:00,0.15566076762631986,2019-04-29 22:30:00,0.25988456623932743,2019-04-29 22:45:00,0.4263370970001781,2019-04-29 22:15:00,0.32916208528436897,2019-04-29 23:00:00,0.34507949238654,2019-04-29 22:45:00,0.33276807938331765,2019-04-29 22:15:00,0.18956365698351546,2019-04-29 22:45:00,0.1336438256843863
2019-04-29,awake,2019-04-30 07:45:00,0.2303749221969474,2019-04-30 07:45:00,0.29540504408537627,2019-04-30 07:30:00,0.7462941285123615,2019-04-30 07:45:00,0.4742446582582438,2019-04-30 08:00:00,0.20657108313902833,2019-04-30 08:00:00,0.26720200168219077,2019-04-30 08:15:00,0.20699781411971685,2019-04-30 08:15:00,0.14638128374358847,2019-04-30 09:00:00,0.7464427337891849,2019-04-30 08:30:00,0.5266320976659977
2019-04-30,asleep,2019-04-30 22:00:00,0.2534012032367797,2019-04-30 22:30:00,0.3051251604505599,2019-04-30 22:15:00,0.16184007979769255,2019-04-30 22:30:00,0.26123667593926686,2019-04-30 23:00:00,0.4212886014064121,2019-04-30 22:15:00,0.34640842203341454,2019-04-30 23:00:00,0.35123001081597294,2019-04-30 22:45:00,0.3284816688654467,2019-04-30 22:15:00,0.18597301331111438,2019-04-30 22:45:00,0.13997641430241087
2019-04-30,awake,2019-05-01 07:45:00,0.21998063843267623,2019-05-01 07:45:00,0.29262435229437,2019-05-01 07:30:00,0.7591096703361648,2019-05-01 07:45:00,0.4640075250009088,2019-05-01 08:00:00,0.2103776976661556,2019-05-01 08:00:00,0.26962139656758827,2019-05-01 08:15:00,0.20455297589054566,2019-05-01 08:15:00,0.14581714442638308,2019-05-01 09:00:00,0.7432815306302913,2019-05-01 08:30:00,0.5366017991041924
2019-05-01,asleep,2019-05-01 22:00:00,0.26156290919850583,2019-05-01 22:30:00,0.31149530320897306,2019-05-01 22:15:00,0.16746051189550654,2019-05-01 22:30:00,0.2614523282356666,2019-05-01 23:15:00,0.41650107015556004,2019-05-01 22:15:00,0.3640936571690949,2019-05-01 23:00:00,0.3570844482106108,2019-05-01 22:45:00,0.32374988418844564,2019-05-01 22:15:00,0.18213394228354984,2019-05-01 22:45:00,0.14716175737159393
2019-05-01,awake,2019-05-02 07:45:00,0.209465245023586,2019-05-02 07:45:00,0.2915673414988471,2019-05-02 07:30:00,0.7707809152197098,2019-05-02 07:45:00,0.4487324777785319,2019-05-02 08:00:00,0.21360395544519953,2019-05-02 08:00:00,0.27186197930233463,2019-05-02 08:15:00,0.20120624568838646,2019-05-02 08:15:00,0.14506975629426475,2019-05-02 09:00:00,0.7376366562965144,2019-05-02 08:30:00,0.5452501695843635
2019-05-02,asleep,2019-05-02 22:00:00,0.2739097063760243,2019-05-02 22:45:00,0.3204316496777868,2019-05-02 22:15:00,0.17243482351646622,2019-05-02 22:30:00,0.2605001712579822,2019-05-02 23:15:00,0.4247700659326692,2019-05-02 22:15:00,0.36956292767768933,2019-05-02 23:00:00,0.3625824221430445,2019-05-02 22:45:00,0.3187809613041958,2019-05-02 22:15:00,0.17796318186878562,2019-05-02 22:45:00,0.1544572470513605
2019-05-02,awake,2019-05-03 07:45:00,0.20238647519748415,2019-05-03 07:45:00,0.2906673966315121,2019-05-03 07:30:00,0.7811424727209136,2019-05-03 07:45:00,0.42811842570739517,2019-05-03 08:00:00,0.22030608916785943,2019-05-03 08:00:00,0.27416260226390926,2019-05-03 08:15:00,0.19693008179806393,2019-05-03 08:15:00,0.14420661327177195,2019-05-03 09:00:00,0.7304044441093731,2019-05-03 08:30:00,0.5523817984295389
2019-05-03,asleep,2019-05-03 22:00:00,0.2818107725639705,2019-05-03 22:45:00,0.33080373954487224,2019-05-03 22:15:00,0.17667503099695617,2019-05-03 22:30:00,0.2930489427712001,2019-05-03 23:15:00,0.43320853147893984,2019-05-03 22:15:00,0.36768283626248777,2019-05-03 23:00:00,0.3676655357160923,2019-05-03 22:45:00,0.3135901118029112,2019-05-03 22:15:00,0.174267782295087,2019-05-03 22:45:00,0.16181196987272634
2019-05-03,awake,2019-05-04 07:45:00,0.1937378898251943,2019-05-04 07:45:00,0.28988472570647505,2019-05-04 07:30:00,0.7900306537898989,2019-05-04 07:45:00,0.40376711304261886,2019-05-04 08:00:00,0.2280556192742675,2019-05-04 08:00:00,0.2777466806672641,2019-05-04 08:15:00,0.19170809944137568,2019-05-04 08:15:00,0.14323019433912865,2019-05-04 09:00:00,0.7205141207236276,2019-05-04 08:30:00,0.5577909660025291
2019-05-04,asleep,2019-05-04 22:45:00,0.2898097777156975,2019-05-04 22:45:00,0.3417068115745313,2019-05-04 22:15:00,0.1799299289451372,2019-05-04 22:30:00,0.2985636385383523,2019-05-04 23:15:00,0.4414084400221371,2019-05-04 22:15:00,0.36667881175574685,2019-05-04 23:00:00,0.3736228690737621,2019-05-04 22:45:00,0.3081916552384481,2019-05-04 22:15:00,0.1725649297284167,2019-05-04 22:45:00,0.169168680157383
2019-05-04,awake,2019-05-05 07:45:00,0.1868859870570509,2019-05-05 07:45:00,0.2890198202134977,2019-05-05 07:30:00,0.7936222742446132,2019-05-05 07:45:00,0.37470156175164504,2019-05-05 08:00:00,0.23503284333150185,2019-05-05 08:00:00,0.28128736234660184,2019-05-05 08:30:00,0.18982049375796414,2019-05-05 08:15:00,0.14214377077393367,2019-05-05 09:00:00,0.7078135835492223,2019-05-05 08:30:00,0.5612619277509607
2019-05-05,asleep,2019-05-05 22:45:00,0.30040428141829006,2019-05-05 22:45:00,0.3482399806167765,2019-05-05 22:15:00,0.1813550027247031,2019-05-05 22:30:00,0.3003867680582778,2019-05-05 23:15:00,0.4484319389751813,2019-05-05 22:15:00,0.3645891339640214,2019-05-05 23:00:00,0.3802689157431247,2019-05-05 22:45:00,0.3026452808161738,2019-05-05 22:15:00,0.17124087492161644,2019-05-05 22:45:00,0.1764646396727586
2019-05-05,awake,2019-05-06 07:45:00,0.18037736220029527,2019-05-06 07:45:00,0.28797134902996013,2019-05-06 07:30:00,0.7900680498923744,2019-05-06 07:45:00,0.3406434248172234,2019-05-06 08:00:00,0.24266177715885526,2019-05-06 08:00:00,0.284411211461988,2019-05-06 08:30:00,0.19064427669524872,2019-05-06 08:15:00,0.14165966218018416,2019-05-06 09:00:00,0.6892717735350358,2019-05-06 08:30:00,0.5705264676200861
2019-05-06,asleep,2019-05-06 22:45:00,0.31342598422777196,2019-05-06 22:45:00,0.3488344338352346,2019-05-06 22:15:00,0.18129698700445562,2019-05-06 22:30:00,0.2987445277143004,2019-05-06 23:15:00,0.4549779662153849,2019-05-06 22:15:00,0.36190192371928565,2019-05-06 23:00:00,0.38693946772528864,2019-05-06 22:45:00,0.2973662967656426,2019-05-06 22:15:00,0.16939238385369404,2019-05-06 22:45:00,0.1836932875911694
2019-05-06,awake,2019-05-07 07:45:00,0.16278663669474636,2019-05-07 07:45:00,0.2887076622406713,2019-05-07 07:30:00,1.08541108142884,2019-05-07 08:00:00,0.42054635579267474,2019-05-07 08:00:00,0.25020236419690023,2019-05-07 08:00:00,0.28730434987218006,2019-05-07 08:30:00,0.19066294762599395,2019-05-07 08:15:00,0.14153336220045953,2019-05-07 09:00:00,0.6693940631885735,2019-05-07 08:30:00,0.5781691536260923
2019-05-07,asleep,2019-05-07 22:45:00,0.33179062732334225,2019-05-07 22:45:00,0.34945376036182885,2019-05-07 22:30:00,0.15686402108979886,2019-05-07 22:30:00,0.3051996794937911,2019-05-07 23:15:00,0.4609917374296741,2019-05-07 22:15:00,0.3635857937481545,2019-05-07 23:00:00,0.3944402328578799,2019-05-07 22:45:00,0.2919162297958744,2019-05-07 22:15:00,0.1673532602353347,2019-05-07 22:45:00,0.190770445767596
2019-05-07,awake,2019-05-08 07:45:00,0.15722876099989266,2019-05-08 07:45:00,0.29208571016054197,2019-05-08 07:30:00,1.0781792557695296,2019-05-08 08:00:00,0.43088696889089567,2019-05-08 08:00:00,0.2575478589801208,2019-05-08 08:00:00,0.2900123518002649,2019-05-08 08:30:00,0.18600335641730165,2019-05-08 08:15:00,0.14133688581041193,2019-05-08 09:00:00,0.6358141421979691,2019-05-08 08:30:00,0.5832370716952139
2019-05-08,asleep,2019-05-08 22:00:00,0.20290068801474195,2019-05-08 22:45:00,0.35009713040895835,2019-05-08 22:30:00,0.16601216616352388,2019-05-08 22:30:00,0.3114059274809752,2019-05-08 23:15:00,0.4664377801032965,2019-05-08 22:15:00,0.3664871991400882,2019-05-08 23:00:00,0.40357239209842743,2019-05-08 23:00:00,0.2879005776079772,2019-05-08 22:15:00,0.16430192823879539,2019-05-08 22:45:00,0.197381203802594
2019-05-08,awake,2019-05-09 07:45:00,0.28012917469581544,2019-05-09 07:45:00,0.29544229241136943,2019-05-09 07:30:00,1.0727770501665463,2019-05-09 08:00:00,0.4396223590292072,2019-05-09 08:00:00,0.26466386340290177,2019-05-09 08:00:00,0.2925176771543141,2019-05-09 08:30:00,0.18155565812156507,2019-05-09 08:15:00,0.14152376938877284,2019-05-09 09:00:00,0.6049078673454653,2019-05-09 08:30:00,0.5854653746627662
2019-05-09,asleep,2019-05-09 22:00:00,0.2184569831574576,2019-05-09 22:45:00,0.3507630258654232,2019-05-09 22:30:00,0.17529942718139188,2019-05-09 22:30:00,0.31728243895009794,2019-05-09 23:15:00,0.47128368559860123,2019-05-09 22:15:00,0.3691651858644744,2019-05-09 23:00:00,0.4126822050402262,2019-05-09 23:00:00,0.30065731931596473,2019-05-09 22:15:00,0.16063538942264965,2019-05-09 22:45:00,0.20207490032536882
2019-05-09,awake,2019-05-10 07:45:00,0.27653350364576046,2019-05-10 07:45:00,0.2987706320481728,2019-05-10 07:30:00,1.065963878230664,2019-05-10 08:00:00,0.44647594776348026,2019-05-10 08:00:00,0.2715168849315398,2019-05-10 08:00:00,0.29480406457386343,2019-05-10 08:30:00,0.17696168169102156,2019-05-10 08:15:00,0.143616125219294,2019-05-10 09:00:00,0.5751271573055071,2019-05-10 08:30:00,0.5848174289371383
2019-05-10,asleep,2019-05-10 22:00:00,0.23535796494741645,2019-05-10 22:45:00,0.3514498687353049,2019-05-10 22:30:00,0.18470230595634135,2019-05-10 22:30:00,0.3228635312701197,2019-05-10 23:15:00,0.47550112049895593,2019-05-10 22:15:00,0.37179287880319883,2019-05-10 23:00:00,0.42181471380057234,2019-05-10 23:00:00,0.3178788830633549,2019-05-10 22:15:00,0.1571466707453727,2019-05-10 22:45:00,0.20499755910213396
2019-05-10,awake,2019-05-11 07:45:00,0.2736461728163338,2019-05-11 07:45:00,0.30206317369283286,2019-05-11 07:30:00,1.0576891448585475,2019-05-11 08:00:00,0.4511498712670362,2019-05-11 08:00:00,0.2780749175551578,2019-05-11 08:00:00,0.29686313255602914,2019-05-11 08:30:00,0.17178969483412515,2019-05-11 08:15:00,0.14577761022008612,2019-05-11 10:00:00,0.24438705294404178,2019-05-11 08:30:00,0.5800629692000906
2019-05-11,asleep,2019-05-11 22:00:00,0.2526068639668214,2019-05-11 22:45:00,0.3521469775774607,2019-05-11 22:30:00,0.19419506205731174,2019-05-11 22:30:00,0.32841089550473773,2019-05-11 23:15:00,0.4790657884733074,2019-05-11 22:15:00,0.3745028831066039,2019-05-11 23:00:00,0.3568492661149517,2019-05-11 23:00:00,0.33405261909052275,2019-05-11 22:15:00,0.15727136861325397,2019-05-11 22:45:00,0.2068099043840017
2019-05-11,awake,2019-05-12 07:45:00,0.27101694521790376,2019-05-12 07:45:00,0.3053018735401671,2019-05-12 07:30:00,1.0479098310255468,2019-05-12 08:00:00,0.4535603201428864,2019-05-12 08:00:00,0.2843069740271021,2019-05-12 08:00:00,0.2987621607115439,2019-05-12 07:45:00,0.19445065766427463,2019-05-12 08:15:00,0.14835474932158751,2019-05-12 10:00:00,0.2474856876340253,2019-05-12 08:30:00,0.5713553701016361
2019-05-12,asleep,2019-05-12 22:00:00,0.26985878757058934,2019-05-12 22:45:00,0.35287993194216555,2019-05-12 22:30:00,0.20374904241781788,2019-05-12 22:30:00,0.3332892744375916,2019-05-12 23:15:00,0.48195716205251443,2019-05-12 22:15:00,0.37852825298808623,2019-05-12 23:00:00,0.36827757428640245,2019-05-12 23:00:00,0.3505194992578068,2019-05-12 22:15:00,0.16576465798119727,2019-05-12 22:45:00,0.20867445785795763
2019-05-12,awake,2019-05-13 07:45:00,0.2687447380406992,2019-05-13 07:45:00,0.308481020233089,2019-05-13 07:30:00,1.0365949909974554,2019-05-13 08:00:00,0.45318021143746484,2019-05-13 08:00:00,0.2901843790862875,2019-05-13 08:00:00,0.30087494671763515,2019-05-13 07:45:00,0.20496247915213248,2019-05-13 08:15:00,0.15092690040924295,2019-05-13 10:00:00,0.25214326590278746,2019-05-13 08:45:00,0.5596246978072343
2019-05-13,asleep,2019-05-13 22:00:00,0.2866710992449638,2019-05-13 22:45:00,0.3537824290747543,2019-05-13 22:30:00,0.2134030404639574,2019-05-13 22:30:00,0.337521177481346,2019-05-13 23:15:00,0.4918589764401634,2019-05-13 22:15:00,0.3815744239899215,2019-05-13 23:00:00,0.37914752955649644,2019-05-13 23:00:00,0.3663376494049907,2019-05-13 22:15:00,0.17515492965788437,2019-05-13 22:45:00,0.21887749106860094
2019-05-13,awake,2019-05-14 07:45:00,0.2663962716616468,2019-05-14 07:45:00,0.31167686312044934,2019-05-14 07:30:00,1.027322559747724,2019-05-14 08:00:00,0.4884027204561725,2019-05-14 08:00:00,0.29568092451679984,2019-05-14 08:00:00,0.30307623287530044,2019-05-14 07:45:00,0.2153535808606069,2019-05-14 08:15:00,0.1535710640126647,2019-05-14 10:00:00,0.2600056032419039,2019-05-14 08:45:00,0.5920354159317471
2019-05-14,asleep,2019-05-14 22:00:00,0.2883213708682951,2019-05-14 22:45:00,0.35470682800235176,2019-05-14 22:30:00,0.22307567235960668,2019-05-14 22:30:00,0.3408067470181889,2019-05-14 23:15:00,0.5042705223521281,2019-05-14 22:15:00,0.3850171673044227,2019-05-14 23:00:00,0.38930639472381395,2019-05-14 23:00:00,0.37187398362122703,2019-05-14 22:15:00,0.1844832535067646,2019-05-14 22:45:00,0.2297658679885882
2019-05-14,awake,2019-05-15 07:45:00,0.264213990878166,2019-05-15 07:45:00,0.31480711334417777,2019-05-15 07:30:00,1.0250619839904012,2019-05-15 08:00:00,0.5229936077491067,2019-05-15 08:00:00,0.30067673498659203,2019-05-15 08:00:00,0.3058497887427607,2019-05-15 07:45:00,0.22552734297678442,2019-05-15 08:15:00,0.15626245519639542,2019-05-15 10:00:00,0.2667482914576226,2019-05-15 08:45:00,0.6228448956331122
2019-05-15,asleep,2019-05-15 22:00:00,0.28534649459150485,2019-05-15 22:45:00,0.35644957430681823,2019-05-15 22:30:00,0.23247449178812665,2019-05-15 22:30:00,0.3422284671170934,2019-05-15 23:15:00,0.5165240864040791,2019-05-15 22:15:00,0.38824406291858193,2019-05-15 23:00:00,0.40183012569589177,2019-05-15 23:00:00,0.3772881040170891,2019-05-15 22:15:00,0.19434258085214745,2019-05-15 22:45:00,0.2391484984102657
2019-05-15,awake,2019-05-16 07:45:00,0.2617675858292041,2019-05-16 07:45:00,0.33482919370446285,2019-05-16 07:30:00,1.0275809354233487,2019-05-16 08:00:00,0.5569772790713899,2019-05-16 08:00:00,0.3048710058597277,2019-05-16 08:00:00,0.30842937371127055,2019-05-16 07:45:00,0.23537995188779695,2019-05-16 08:15:00,0.1596235500141582,2019-05-16 10:00:00,0.2729092333797246,2019-05-16 08:45:00,0.6512451718321342
2019-05-16,asleep,2019-05-16 22:00:00,0.2815210819502574,2019-05-16 22:45:00,0.3583983816857834,2019-05-16 22:30:00,0.24274778641335804,2019-05-16 22:30:00,0.3424444254577126,2019-05-16 23:15:00,0.5278157353758929,2019-05-16 22:15:00,0.3910749932367658,2019-05-16 23:00:00,0.4144745990759553,2019-05-16 23:00:00,0.38229458240135855,2019-05-16 22:15:00,0.20475667160218616,2019-05-16 22:45:00,0.24665594963900928
2019-05-16,awake,2019-05-17 07:45:00,0.25920587639329606,2019-05-17 07:45:00,0.3278599094378004,2019-05-17 07:30:00,1.0298886844222153,2019-05-17 08:00:00,0.5910249099497604,2019-05-17 08:00:00,0.3086232686964467,2019-05-17 08:00:00,0.31063721641512604,2019-05-17 07:45:00,0.24879673129757235,2019-05-17 08:15:00,0.16449816065132414,2019-05-17 10:00:00,0.27825667725363934,2019-05-17 08:45:00,0.6748763406781394
2019-05-17,asleep,2019-05-17 22:00:00,0.2773576712351043,2019-05-17 22:45:00,0.36043654408163295,2019-05-17 22:30:00,0.25970725083821217,2019-05-17 22:30:00,0.342078708280794,2019-05-17 23:15:00,0.5380994970636207,2019-05-17 22:15:00,0.39345830253486813,2019-05-17 23:00:00,0.4265047364517921,2019-05-17 23:00:00,0.38668549066922175,2019-05-17 22:15:00,0.21556181300034222,2019-05-17 22:45:00,0.25219581212523656
2019-05-17,awake,2019-05-18 07:45:00,0.2565281707990773,2019-05-18 07:45:00,0.3212154220588384,2019-05-18 07:30:00,1.0302904197549814,2019-05-18 08:00:00,0.6249492074438255,2019-05-18 08:00:00,0.31195480249221846,2019-05-18 08:00:00,0.31245995457589504,2019-05-18 07:45:00,0.26999002172218745,2019-05-18 08:15:00,0.16944000507560947,2019-05-18 10:00:00,0.28096989033748376,2019-05-18 08:45:00,0.6915350946738619
2019-05-18,asleep,2019-05-18 22:00:00,0.2774410241103849,2019-05-18 22:45:00,0.362062154894956,2019-05-18 22:30:00,0.27202987284154856,2019-05-18 22:30:00,0.3455135110529537,2019-05-18 23:15:00,0.5500476334741193,2019-05-18 22:15:00,0.39540210327360825,2019-05-18 23:00:00,0.4376578161108771,2019-05-18 23:00:00,0.39072633653345046,2019-05-18 22:15:00,0.22671067962236974,2019-05-18 22:45:00,0.2554103039575564
2019-05-18,awake,2019-05-19 07:45:00,0.25374106408778196,2019-05-19 07:45:00,0.3139744302308958,2019-05-19 07:30:00,1.0279704930370117,2019-05-19 08:00:00,0.6581728841256194,2019-05-19 08:00:00,0.3148566218128157,2019-05-19 08:00:00,0.3139459401074751,2019-05-19 07:45:00,0.2619097376132268,2019-05-19 08:15:00,0.17441074358817657,2019-05-19 10:00:00,0.27769530425114664,2019-05-19 08:45:00,0.703510770083911
2019-05-19,asleep,2019-05-19 22:00:00,0.27673652204497295,2019-05-19 22:45:00,0.36324019702910537,2019-05-19 22:30:00,0.282507711522701,2019-05-19 22:30:00,0.3526814062594526,2019-05-19 23:15:00,0.5619298927402732,2019-05-19 23:00:00,0.32959140694572364,2019-05-19 23:00:00,0.44787130571434614,2019-05-19 23:00:00,0.39444314210892517,2019-05-19 22:15:00,0.237949192255421,2019-05-19 22:45:00,0.2565235262390123
2019-05-19,awake,2019-05-20 07:45:00,0.2509337934474716,2019-05-20 07:45:00,0.3080641406360751,2019-05-20 07:30:00,1.022841571318361,2019-05-20 08:00:00,0.6993366175816205,2019-05-20 08:00:00,0.3173240353381158,2019-05-20 08:00:00,0.31434012929675986,2019-05-20 07:45:00,0.26937299991604274,2019-05-20 08:15:00,0.1794162533191937,2019-05-20 10:00:00,0.2740435958777696,2019-05-20 08:45:00,0.708901748947717
2019-05-20,asleep,2019-05-20 22:00:00,0.2755454526076987,2019-05-20 22:45:00,0.3644098621435733,2019-05-20 22:30:00,0.2925419779579894,2019-05-20 22:30:00,0.35865053287344323,2019-05-20 23:15:00,0.5728196591425968,2019-05-20 23:00:00,0.3516676253772425,2019-05-20 23:00:00,0.45700490613967437,2019-05-20 23:00:00,0.3978163140840219,2019-05-20 22:15:00,0.2500102056438625,2019-05-20 22:45:00,0.2558514540654147
2019-05-20,awake,2019-05-21 07:45:00,0.24815257735407859,2019-05-21 07:45:00,0.3187939241258302,2019-05-21 07:30:00,1.0148020901443995,2019-05-21 08:00:00,0.7545727734483365,2019-05-21 08:00:00,0.31935788794134734,2019-05-21 08:00:00,0.3162853846456889,2019-05-21 07:45:00,0.27596345585746057,2019-05-21 08:15:00,0.18444701166035804,2019-05-21 10:00:00,0.27942661676734093,2019-05-21 08:45:00,0.709105457599096
2019-05-21,asleep,2019-05-21 22:00:00,0.27365059349719956,2019-05-21 22:45:00,0.36538254176498663,2019-05-21 22:30:00,0.3020828188101081,2019-05-21 22:30:00,0.36308013083377183,2019-05-21 23:15:00,0.5825090555999214,2019-05-21 23:00:00,0.3739387573831839,2019-05-21 23:00:00,0.4648766724567279,2019-05-21 23:00:00,0.4008303661956517,2019-05-21 22:15:00,0.2631607095047414,2019-05-21 22:45:00,0.25263761157301956
2019-05-21,awake,2019-05-22 07:45:00,0.24539029749860528,2019-05-22 07:45:00,0.3306189452804723,2019-05-22 07:30:00,1.0036470216980613,2019-05-22 08:00:00,0.8085707176445582,2019-05-22 08:00:00,0.3216331784039315,2019-05-22 08:00:00,0.3175154423706926,2019-05-22 07:45:00,0.28158341881558785,2019-05-22 08:15:00,0.18949305081186335,2019-05-22 10:00:00,0.2977488361040234,2019-05-22 08:45:00,0.7035194300903951
2019-05-22,asleep,2019-05-22 22:00:00,0.2710544007542133,2019-05-22 22:45:00,0.3663930048133587,2019-05-22 22:30:00,0.3109965574773077,2019-05-22 22:30:00,0.3690645031819379,2019-05-22 23:15:00,0.5919064516475131,2019-05-22 23:00:00,0.3968247126003749,2019-05-22 23:00:00,0.4708335965193363,2019-05-22 23:00:00,0.40347280628086035,2019-05-22 22:15:00,0.277055757978484,2019-05-22 22:45:00,0.24845747717720368
2019-05-22,awake,2019-05-23 07:45:00,0.24256485680160786,2019-05-23 07:45:00,0.3436104421779322,2019-05-23 07:30:00,0.9897934369728357,2019-05-23 08:15:00,0.7027055798562625,2019-05-23 08:00:00,0.3234499774320728,2019-05-23 08:00:00,0.3183772783032661,2019-05-23 07:45:00,0.28627330617671704,2019-05-23 08:15:00,0.19454421780128378,2019-05-23 10:00:00,0.31703064459209035,2019-05-23 08:45:00,0.6909424229606397
2019-05-23,asleep,2019-05-23 22:00:00,0.26800464698080584,2019-05-23 22:45:00,0.36782284302425916,2019-05-23 22:30:00,0.38704618236845273,2019-05-23 22:30:00,0.3774480846249183,2019-05-23 23:15:00,0.6012934022761445,2019-05-23 23:00:00,0.42108465043978566,2019-05-23 23:00:00,0.4760137240824093,2019-05-23 23:00:00,0.4057354339296098,2019-05-23 22:15:00,0.28920592571122467,2019-05-23 22:45:00,0.2464618703193457
2019-05-23,awake,2019-05-24 07:45:00,0.23993011731755487,2019-05-24 07:45:00,0.3580772253762814,2019-05-24 07:30:00,0.9742489032408536,2019-05-24 08:15:00,0.7074322831276529,2019-05-24 08:00:00,0.3239294830804569,2019-05-24 08:00:00,0.31880917999847297,2019-05-24 07:45:00,0.2900472770592187,2019-05-24 08:15:00,0.1995911241621488,2019-05-24 10:00:00,0.33548450439728794,2019-05-24 08:45:00,0.6823188400034017
2019-05-24,asleep,2019-05-24 22:00:00,0.2699945581733534,2019-05-24 22:45:00,0.36932141157081877,2019-05-24 22:30:00,0.3976137937988531,2019-05-24 22:30:00,0.3852861925311938,2019-05-24 23:15:00,0.6095315575236981,2019-05-24 23:00:00,0.44500592413466455,2019-05-24 23:00:00,0.47956511090362874,2019-05-24 23:00:00,0.40761387213028044,2019-05-24 23:00:00,0.2743215806863184,2019-05-24 22:45:00,0.24333469890649462
2019-05-24,awake,2019-05-25 07:45:00,0.2374704507209091,2019-05-25 07:45:00,0.37370708768855987,2019-05-25 07:30:00,0.9576135535517285,2019-05-25 08:15:00,0.7115798326486555,2019-05-25 08:00:00,0.3240021379400402,2019-05-25 08:00:00,0.3191881836593934,2019-05-25 07:45:00,0.29306496501357304,2019-05-25 08:15:00,0.2046247789269782,2019-05-25 10:00:00,0.35444212140814224,2019-05-25 08:45:00,0.6745867522446066
2019-05-25,asleep,2019-05-25 22:00:00,0.2742194559506622,2019-05-25 22:45:00,0.3714441911758364,2019-05-25 22:30:00,0.40733055568110565,2019-05-25 22:30:00,0.39237134929511724,2019-05-25 23:15:00,0.6166302598373116,2019-05-25 23:00:00,0.46719230435428083,2019-05-25 23:00:00,0.4814258166306868,2019-05-25 23:00:00,0.4091078066228325,2019-05-25 23:00:00,0.2729489237492394,2019-05-25 22:45:00,0.2413178965132173
2019-05-25,awake,2019-05-26 07:45:00,0.23513503874167138,2019-05-26 07:45:00,0.39011935603022707,2019-05-26 07:30:00,0.9382695125231585,2019-05-26 08:15:00,0.7147672505846421,2019-05-26 08:00:00,0.3236938174751165,2019-05-26 08:00:00,0.31953560154423044,2019-05-26 07:45:00,0.3066087870549686,2019-05-26 08:15:00,0.20963644480457877,2019-05-26 10:00:00,0.3712626445633244,2019-05-26 08:45:00,0.6693749669994192
2019-05-26,asleep,2019-05-26 22:45:00,0.7482133931430129,2019-05-26 22:45:00,0.3818721758942022,2019-05-26 22:30:00,0.4218967971626437,2019-05-26 22:30:00,0.39839175642305436,2019-05-26 23:15:00,0.5808700832030758,2019-05-26 23:00:00,0.48753711940138367,2019-05-26 23:00:00,0.481841487515876,2019-05-26 23:00:00,0.41022342940196843,2019-05-26 23:00:00,0.2714112618520708,2019-05-26 22:45:00,0.23843002745372044
2019-05-26,awake,2019-05-27 08:15:00,0.18501625226703064,2019-05-27 07:45:00,0.3911302718221399,2019-05-27 07:30:00,0.9167069385705855,2019-05-27 08:15:00,0.7166365252944251,2019-05-27 08:00:00,0.3233303658924881,2019-05-27 08:00:00,0.32122076616610545,2019-05-27 07:45:00,0.321343503999453,2019-05-27 08:15:00,0.2146181293294969,2019-05-27 10:00:00,0.37876293347222056,2019-05-27 08:45:00,0.6634980145969692
2019-05-27,asleep,2019-05-27 22:45:00,0.7724428536181611,2019-05-27 22:45:00,0.3955121495855962,2019-05-27 22:30:00,0.44661277820477013,2019-05-27 22:30:00,0.4025985830852705,2019-05-27 23:15:00,0.5877199134113179,2019-05-27 23:00:00,0.5034264337132287,2019-05-27 23:00:00,0.48808167615396325,2019-05-27 23:00:00,0.41175983492239354,2019-05-27 23:00:00,0.26955312182157515,2019-05-27 22:45:00,0.23108071784634115
2019-05-27,awake,2019-05-28 08:15:00,0.19806117917826394,2019-05-28 07:45:00,0.39196432533363734,2019-05-28 07:30:00,0.8941152584573318,2019-05-28 08:15:00,0.7165718700122554,2019-05-28 08:00:00,0.3229522711645467,2019-05-28 08:00:00,0.32283105514758254,2019-05-28 07:45:00,0.334232412525151,2019-05-28 08:30:00,0.22033105441762235,2019-05-28 11:15:00,0.26551717193594326,2019-05-28 08:45:00,0.6505805145657684
2019-05-28,asleep,2019-05-28 22:45:00,0.697664025996066,2019-05-28 22:45:00,0.4092632702057645,2019-05-28 22:30:00,0.47130588197052736,2019-05-28 22:30:00,0.40543605506586455,2019-05-28 23:15:00,0.5930041483319467,2019-05-28 23:00:00,0.5191845624279048,2019-05-28 23:00:00,0.49982963232784505,2019-05-28 23:00:00,0.41658163763547085,2019-05-28 23:00:00,0.26997610798077654,2019-05-28 22:45:00,0.2278930463823188
2019-05-28,awake,2019-05-29 08:15:00,0.21245284763859973,2019-05-29 07:45:00,0.3933717126725775,2019-05-29 07:30:00,0.869702413085824,2019-05-29 08:15:00,0.7148225037469755,2019-05-29 08:00:00,0.32444346745980396,2019-05-29 08:00:00,0.32412508641434085,2019-05-29 07:45:00,0.3470880694788894,2019-05-29 08:30:00,0.2274999516113576,2019-05-29 11:15:00,0.26970852590056954,2019-05-29 08:45:00,0.6371148596978808
2019-05-29,asleep,2019-05-29 22:45:00,0.7098354796514661,2019-05-29 22:45:00,0.42324922966820056,2019-05-29 22:30:00,0.49241011115214633,2019-05-29 22:30:00,0.4072769546776954,2019-05-29 23:15:00,0.59880500167803,2019-05-29 23:00:00,0.5348949534273082,2019-05-29 23:00:00,0.5146088473086761,2019-05-29 23:00:00,0.4211570187178656,2019-05-29 23:00:00,0.2703007505318845,2019-05-29 22:45:00,0.22721425310282428
2019-05-29,awake,2019-05-30 08:15:00,0.22648233454370453,2019-05-30 07:45:00,0.39826817636266865,2019-05-30 07:30:00,0.842528038147142,2019-05-30 08:15:00,0.7118783225640642,2019-05-30 08:00:00,0.32827244022049074,2019-05-30 08:00:00,0.32507373770485326,2019-05-30 07:45:00,0.3584886598108806,2019-05-30 08:30:00,0.23464031158511278,2019-05-30 11:15:00,0.27339436139027684,2019-05-30 09:00:00,0.6157250810126604
